<?xml version="1.0"?>

<project name="MAXIMO" default="buildmaximomobile-war" basedir=".">
	<description>
		Builds the Maximo-Mobile war file for deployment
	</description>
    
	<!-- initializes the properties and creates the temporary directories 
	     needed to create the war file
	-->
	<target name="init" description="Initializes the directories and file names">
		
		<echo>Initializing the properties needed to build the war file.</echo>

		<property name="maximo.basedir" value="${basedir}\..\applications\maximo"/>
		<property name="maximo.properties" value="maximo.properties"/>
		<property name="maximo.deploydir" value="${basedir}\default"/>
		<property name="maximo.deploydir.temp" value="${maximo.deploydir}\temp-maxmobile"/>
		<property name="maximo.maximomobilewarfile" value="maxmobile.war"/>

		<property name="maximo.businessobjectsjarfile" value="businessobjects.jar"/>
		
		<property name="maximo.mobilewarclasspath" 
					    value=" lib/json4j.jar lib/gson-2.2.4.jar ${maximo.businessobjectsjarfile}"/>
		
		<echo>Initializing the output folders to: ${maximo.deploydir}</echo>
	</target>

	
	<target name="buildmaximomobile-war" 
		        depends="init" 
		        description="Builds the Maximo Mobile war file">
		
		<echo>generating war ${maximo.deploy}/${maximo.maximomobilewarfile} </echo>
		<war destfile="${maximo.deploydir}/${maximo.maximomobilewarfile}" 
			 index="false">
			<fileset dir="${maximo.basedir}\maxmobile\webmodule">
				<include name="**/*.*"/>
				<exclude name="WEB-INF/web.xml"/>
				<exclude name="META-INF/MANIFEST.MF"/>
			</fileset>	
			<manifest>
				<attribute name="Class-Path" value="${maximo.mobilewarclasspath}"/>
			</manifest>
			<fileset dir="${maximo.basedir}\maxmobile\webmodule">
				<include name="WEB-INF/**/*.*"/>
			</fileset>			
		</war>

		
	</target>
		
	<target name="businessObjectsBuild" 
	        depends="init" 
	        description="Builds the MAXIMO Business Objects Archive File (businessobjects.jar) file">
	        
		<echo>businessobjects.jar file=${maximo.deploydir.temp}/WEB-INF/lib/${maximo.businessobjectsjarfile}</echo>
		<mkdir dir="${maximo.deploydir.temp}/importreports"/>
		<delete>
			<fileset dir="${maximo.deploydir.temp}/importreports">
				<include name="reports.zip"/>
			</fileset>
		</delete>

		<zip destfile="${maximo.deploydir.temp}/importreports/reports.zip">
			<fileset dir="${maximo.basedir}/../../reports/birt">
				<include name="libraries/**/*.*"/>
				<include name="reports/**/*.*"/>
			</fileset>
		</zip>
		
		<mkdir dir="${maximo.deploydir.temp}/mxoptimization"/>
		<delete>
			<fileset dir="${maximo.deploydir.temp}/mxoptimization">
				<include name="mxoptimization.zip"/>
			</fileset>
		</delete>

		<zip destfile="${maximo.deploydir.temp}/mxoptimization/mxoptimization.zip">
			<fileset dir="${maximo.basedir}/optimization">
				<include name="**/*.*"/>
				<exclude name="mxodmepackages/*.*"/>
				<exclude name="mxodme/src/**/*.*"/>
			</fileset>
		</zip>

		<jar destfile="${maximo.deploydir.temp}/WEB-INF/lib/${maximo.businessobjectsjarfile}" 
			 index="true">
			<fileset dir="${maximo.basedir}/businessobjects/classes">
				<include name="**/*.*"/>
			</fileset>
 			<fileset dir="${maximo.basedir}/resources">
				<include name="**/*.*"/>
			</fileset>
			<fileset dir="${maximo.deploydir.temp}">
				<include name="importreports/reports.zip"/>
			</fileset>
 			<fileset dir="${maximo.deploydir.temp}">
				<include name="mxoptimization/mxoptimization.zip"/>
			</fileset>
			<fileset dir="${maximo.basedir}/optimization">
				<include name="mxodmepackages/*.*"/>
			</fileset>
		</jar>
	</target>
</project>
