<project name="MAXIMO" default="injectmobile" basedir=".">
	<description>
		Builds the Maximo-Mobile war file for deployment
	</description>

	<!-- initializes the properties and creates the temporary directories needed 
		to create the war file -->

	<taskdef resource="net/sf/antcontrib/antcontrib.properties">
		<classpath>
			<pathelement location="${basedir}/../applications/maximo/lib/ant-contrib-1.0b3.jar" />
		</classpath>
	</taskdef>

	<path id="build.classpath">
		<fileset dir="${basedir}/../applications/maximo/lib">
			<include name="xmltask-1.16.1.jar" />
			<include name="jaxb-xalan-1.5.jar" />
		</fileset>
	</path>

	<taskdef name="xmltask" classname="com.oopsconsultancy.xmltask.ant.XmlTask" classpathref="build.classpath" />

	<target name="injectmobile" description="Inject maximo mobile to the ear build">
		
		<!-- changes buildmaximoear.xml -->

		<if>
	
			<resourcecontains resource="${basedir}/buildmaximoear.xml" substring="mobileWarBuild" />
	
				<then>
	
				</then>
				<else>
					<xmltask source="${basedir}/buildmaximoear.xml" dest="${basedir}/buildmaximoear.xml" failWithoutMatch="true" preserveType="true" report="${xmltask.report}">
						<insert path="/project/target[@name='init']">
								<![CDATA[
									<property name="maximo.maximomobilewarfile" value="maxmobile.war"/>
									<property name="maximo.mobilewarclasspath" value=" lib/json4j.jar lib/gson-2.2.4.jar "/>
								]]>
						</insert>
					</xmltask>
										
					<replaceregexp file="${basedir}/buildmaximoear.xml" 
						match="target depends=&quot;([\w\,\s]*)&quot; description=&quot;(.+)&quot; name=&quot;earBuild&quot;" 
						replace="target depends=&quot;\1, mobileWarBuild&quot; description=&quot;\2&quot; name=&quot;earBuild&quot;"/>
							
					<xmltask source="${basedir}/buildmaximoear.xml" dest="${basedir}/buildmaximoear.xml" failWithoutMatch="true" preserveType="true" report="${xmltask.report}">
						<insert path="/project/target[@name='earBuild']/ear/fileset[1]">
							<![CDATA[
								<exclude name="maxmobile/**/*.*"/>
							]]>
						</insert>
					</xmltask>
							
					<if>
						<available file="${basedir}/../applications/maximo/maxmobile/src" type="dir" />
						<then>
	
							<xmltask source="${basedir}/buildmaximoear.xml" dest="${basedir}/buildmaximoear.xml" failWithoutMatch="true" preserveType="true" report="${xmltask.report}">
								<insert path="/project">
									<![CDATA[
											<path id="compile.classpath">
											<fileset dir="${basedir}/../applications/maximo/lib/">
												<include name="*.jar"/>
											</fileset>
											<fileset dir="${maximo.basedir}/maxmobile/webmodule/WEB-INF/lib/">
												<include name="*.jar"/>
											</fileset>
										</path>
			
										<target name="mobileWarBuild" 
																        depends="init, businessObjectsBuild" 
																        description="Builds the Maximo mobile war file">
											<mkdir dir="${maximo.basedir}\maxmobile\webmodule\WEB-INF"/>
											<mkdir dir="${maximo.basedir}\maxmobile\webmodule\WEB-INF\classes"/>
											<javac destdir="${maximo.basedir}\maxmobile\webmodule\WEB-INF\classes" debug="true" srcdir="${maximo.basedir}\maxmobile\src">
												<classpath refid="compile.classpath"/>
											</javac>
			
											<echo>generating war ${maximo.deploy}/${maximo.maximomobilewarfile} </echo>
											<war destfile="${maximo.deploydir.temp}/${maximo.maximomobilewarfile}" 
																	 index="false">
												<fileset dir="${maximo.basedir}\maxmobile\webmodule">
													<include name="**/*.*"/>
			
												</fileset>
												<manifest>
													<attribute name="Class-Path" value="${maximo.mobilewarclasspath}"/>
												</manifest>
			
											</war>
			
			
										</target>
									]]>
								</insert>
						</xmltask>
							
						</then>
						<else>
							<xmltask source="${basedir}/buildmaximoear.xml" dest="${basedir}/buildmaximoear.xml" failWithoutMatch="true" preserveType="true" report="${xmltask.report}">
								<insert path="/project">
									<![CDATA[
												<path id="compile.classpath">
											<fileset dir="${basedir}/../applications/maximo/lib/">
												<include name="*.jar"/>
											</fileset>
											<fileset dir="${maximo.basedir}/maxmobile/webmodule/WEB-INF/lib/">
												<include name="*.jar"/>
											</fileset>
										</path>
				
										<target name="mobileWarBuild" 
																	        depends="init, businessObjectsBuild" 
																	        description="Builds the Maximo mobile war file">
											<mkdir dir="${maximo.basedir}\maxmobile\webmodule\WEB-INF"/>
				
				
											<echo>generating war ${maximo.deploy}/${maximo.maximomobilewarfile} </echo>
											<war destfile="${maximo.deploydir.temp}/${maximo.maximomobilewarfile}" 
																		 index="false">
												<fileset dir="${maximo.basedir}\maxmobile\webmodule">
													<include name="**/*.*"/>
				
												</fileset>
												<manifest>
													<attribute name="Class-Path" value="${maximo.mobilewarclasspath}"/>
												</manifest>
				
											</war>
				
				
										</target>
									]]>
								</insert>
							</xmltask>
		
						</else>
				</if>
	
				
			</else>
		</if>
		<!-- changes deployment-application.xml -->
		<if>
								
				<resourcecontains resource="${basedir}/../applications/maximo/META-INF/deployment-application.xml" substring="maxmobile" />
								
			<then>
								
			</then>
			<else>
				<xmltask source="${basedir}/../applications/maximo/META-INF/deployment-application.xml" dest="${basedir}/../applications/maximo/META-INF/deployment-application.xml" failWithoutMatch="true" preserveType="true" report="${xmltask.report}">
					<insert path="/:application/:module[last()]" position="after">
						<![CDATA[
							<module id="WebModule_maxmobile">
								<web>
									<web-uri>maxmobile.war</web-uri>
									<context-root>/maxmobile</context-root>
								</web>
							</module>
						]]>
					</insert>
				</xmltask>
			</else>
		</if>
		<!-- changes application.xml -->
		<if>
													
				<resourcecontains resource="${basedir}/../applications/maximo/META-INF/application.xml" substring="maxmobile" />
													
			<then>
													
			</then>
			<else>
				<xmltask source="${basedir}/../applications/maximo/META-INF/application.xml" dest="${basedir}/../applications/maximo/META-INF/application.xml" failWithoutMatch="true" preserveType="true" report="${xmltask.report}">
					<insert path="/:application/:module[last()]" position="after">
						<![CDATA[
							<module>
								<web>
									<web-uri>/maxmobile/webmodule</web-uri>
									<context-root>/maxmobile</context-root>
								</web>
							</module>
						]]>
					</insert>
				</xmltask>
			</else>
		</if>
	</target>
</project>