<?xml version="1.0" encoding="UTF-8"?>
<!--
 * IBM Confidential
 *
 * OCO Source Materials
 *
 * 5724-U18, 5737-M66
 *
 * (C) COPYRIGHT IBM CORP. 2019
 *
 * The source code for this program is not published or otherwise
 * divested of its trade secrets, irrespective of what has been
 * deposited with the U.S. Copyright Office.
 *
 -->
<product>
    <name>IBM Maximo Application Framework</name>
    <version>
        <major>8</major>
        <minor>6</minor>
        <modlevel>0</modlevel>
        <patch>0</patch>
        <build>20211012-1522</build>
    </version>
    <dbmaxvarname>graphite</dbmaxvarname>
    <dbscripts>graphite</dbscripts>
    <dbversion>V7600-18</dbversion>
    <lastdbversion>V7600-00</lastdbversion>
    <calloutclass>com.ibm.iot.maximo.updatedb.GraphiteCallout</calloutclass>
    <excludepatch>1</excludepatch>
</product>
